Year,NOAA_Sea_Level
1993,6.297493046
1994,6.310933553
1995,6.452568661
1996,6.62763131
1997,6.733920367
1998,6.865806069
1999,6.848689771
2000,6.920582014
2001,7.087460011
2002,7.319697525
2003,7.488352718
2004,7.507932839
2005,7.644563144
2006,7.697420009
2007,7.70214715
2008,7.90736541
2009,8.04635409
2010,8.122972567
2011,8.053065004
2012,8.457057629
2013,8.546648227
2014,8.663700393
